<?xml version="1.0" encoding="UTF-8"?>
<beans xmlns="http://www.springframework.org/schema/beans"
       xmlns:xsi="http://www.w3.org/2001/XMLSchema-instance"
       xmlns:context="http://www.springframework.org/schema/context"
       xmlns:tx="http://www.springframework.org/schema/tx"
       xmlns:aop="http://www.springframework.org/schema/aop"
       xsi:schemaLocation="http://www.springframework.org/schema/beans
          http://www.springframework.org/schema/beans/spring-beans.xsd
          http://www.springframework.org/schema/mvc
          http://www.springframework.org/schema/mvc/spring-mvc.xsd
          http://www.springframework.org/schema/tx
          http://www.springframework.org/schema/tx/spring-tx-3.0.xsd
          http://www.springframework.org/schema/context
          http://www.springframework.org/schema/context/spring-context.xsd
          http://www.springframework.org/schema/aop
          http://www.springframework.org/schema/aop/spring-aop-3.2.xsd">

    <!-- Bean definitions go here -->
    <bean id="userIO" class="com.company.vendingmachine.ui.UserIOConsoleImpl"/>
    <bean id="view" class="com.company.vendingmachine.ui.VendingMachineView"/>
    <bean id="vendingMachineDao" class="com.company.vendingmachine.dao.VendingMachineDaoFileImpl"/>
    <bean id="auditDao" class="com.company.vendingmachine.dao.AuditDaoImpl"/>
    <bean id="serviceLayer" class="com.company.vendingmachine.service.VendingMachineServiceLayerImpl">
        <constructor-arg ref="vendingMachineDao"/>
        <constructor-arg ref="auditDao"/>
    </bean>
    <bean id="controller" class="com.company.vendingmachine.controller.VendingMachineController">
        <constructor-arg ref="serviceLayer"/>
        <constructor-arg ref="view"/>
    </bean>
</beans>